Conference,2006,2007,2008,2009,2010,2011,2012,2013,2014,2015,2016,2017,2018,2019,2020,2021,2022,2023,2024,2025
CVPR,0,0,0,0,0,0,0,2013,2014,2015,2016,2017,2018,2019,2020,2021,2022,2023,2024,2025
CoLM,0,0,0,0,0,0,0,0,0,0,0,0,0,0,0,0,0,0,2024,0
ACM MM,0,0,0,0,0,0,0,0,0,0,0,0,0,0,0,0,0,0,2024,0
The Web Conference,0,0,0,0,0,0,0,0,0,0,0,0,0,0,0,0,0,0,2024,0
ICML,0,0,0,0,0,0,0,0,0,0,0,2017,2018,2019,2020,2021,2022,2023,2024,0
ACL,0,0,0,0,0,0,0,0,0,0,0,0,0,0,0,2021,2022,2023,2024,0
CoRL,0,0,0,0,0,0,0,0,0,0,0,0,0,0,0,2021,2022,2023,2024,0
NeurIPS,2006,2007,2008,2009,2010,2011,2012,2013,2014,2015,2016,2017,2018,2019,2020,2021,2022,2023,2024,0
SIGGRAPH Asia,0,0,0,0,0,0,0,0,0,0,0,0,2018,2019,2020,2021,2022,2023,2024,0
IJCAI,0,0,0,0,0,0,0,0,0,0,0,0,0,0,2020,2021,2022,2023,2024,0
WACV,0,0,0,0,0,0,0,0,0,0,0,0,0,0,2020,2021,2022,2023,2024,0
ICCV,0,0,0,0,0,0,0,2013,0,2015,0,2017,0,2019,0,2021,0,2023,0,0
ICLR,0,0,0,0,0,0,0,2013,2014,0,0,2017,2018,2019,2020,2021,2022,2023,2024,2025
ECCV,0,0,0,0,0,0,0,0,0,0,0,0,2018,0,2020,0,2022,0,2024,0
AAAI,0,0,0,0,0,0,0,0,0,0,0,0,0,0,0,2021,2022,2023,2024,2025
AISTATS,0,0,0,0,0,0,0,0,0,0,0,0,0,0,0,0,0,0,0,2025
SIGGRAPH,0,0,0,0,2010,2011,2012,2013,2014,2015,2016,2017,2018,2019,2020,2021,2022,2023,2024,0
EMNLP,0,0,0,0,0,0,0,0,0,0,0,0,0,0,0,2021,2022,2023,2024,0
