Conference,Year,Count
ICLR,2025,11677
ICLR,2024,7407
ICLR,2023,4955
NeurIPS,2024,4830
NeurIPS,2023,3777
AAAI,2025,3486
ICLR,2022,3422
NeurIPS,2022,3054
ICLR,2021,3014
CVPR,2025,2880
AAAI,2024,2865
CVPR,2024,2716
NeurIPS,2021,2708
ICML,2024,2610
ICLR,2020,2594
ECCV,2024,2387
EMNLP,2024,2379
CVPR,2023,2359
ICCV,2023,2161
CVPR,2022,2077
ACL,2023,2052
AAAI,2023,2023
EMNLP,2023,2020
ACL,2024,1931
NeurIPS,2020,1899
ICML,2023,1865
CVPR,2021,1661
AAAI,2021,1654
ECCV,2018,1645
ECCV,2020,1645
ECCV,2022,1645
ICCV,2021,1612
ICLR,2019,1579
CVPR,2020,1467
EMNLP,2022,1439
NeurIPS,2019,1427
AAAI,2022,1319
EMNLP,2021,1312
CVPR,2019,1294
ICML,2022,1233
ICML,2021,1183
ACM MM,2024,1148
ICML,2020,1084
ICCV,2019,1075
IJCAI,2024,1048
ACL,2022,1031
NeurIPS,2018,1009
ICLR,2018,995
CVPR,2018,979
IJCAI,2022,862
IJCAI,2023,851
WACV,2024,846
CVPR,2017,783
IJCAI,2020,779
ICML,2019,773
IJCAI,2021,723
ACL,2021,710
NeurIPS,2017,691
CVPR,2016,643
WACV,2023,639
ICML,2018,621
ICCV,2017,621
CVPR,2015,602
AISTATS,2025,584
ICCV,2015,576
NeurIPS,2016,568
CVPR,2014,540
ICLR,2017,490
CVPR,2013,471
ICCV,2013,454
ICML,2017,434
NeurIPS,2014,411
WACV,2022,406
WACV,2021,406
The Web Conference,2024,405
NeurIPS,2015,403
WACV,2020,378
NeurIPS,2012,368
NeurIPS,2013,360
SIGGRAPH,2022,313
NeurIPS,2011,306
CoLM,2024,299
NeurIPS,2010,292
SIGGRAPH,2024,279
SIGGRAPH Asia,2024,265
CoRL,2024,264
NeurIPS,2009,262
NeurIPS,2008,251
SIGGRAPH,2023,239
SIGGRAPH Asia,2023,224
SIGGRAPH,2021,222
SIGGRAPH,2020,221
NeurIPS,2007,217
SIGGRAPH,2019,216
SIGGRAPH Asia,2022,206
NeurIPS,2006,204
CoRL,2023,199
CoRL,2022,197
SIGGRAPH,2014,173
SIGGRAPH,2018,167
SIGGRAPH,2017,166
SIGGRAPH,2016,162
SIGGRAPH,2015,154
CoRL,2021,153
SIGGRAPH,2013,151
SIGGRAPH Asia,2020,148
SIGGRAPH,2010,133
SIGGRAPH,2012,132
SIGGRAPH,2011,115
SIGGRAPH Asia,2018,112
SIGGRAPH Asia,2019,93
SIGGRAPH Asia,2021,92
ICLR,2014,69
ICLR,2013,67
